111669149696,60129542144,SOURCE_FILE
111669149697,60129542144,SOURCE_FILE
111669149698,60129542144,SOURCE_FILE
111669149699,60129542144,SOURCE_FILE
111669149700,60129542144,SOURCE_FILE
111669149701,60129542144,SOURCE_FILE
111669149702,60129542144,SOURCE_FILE
111669149703,60129542144,SOURCE_FILE
111669149704,60129542144,SOURCE_FILE
111669149705,60129542144,SOURCE_FILE
111669149706,60129542144,SOURCE_FILE
111669149707,60129542144,SOURCE_FILE
111669149708,60129542144,SOURCE_FILE
111669149709,60129542144,SOURCE_FILE
111669149710,60129542144,SOURCE_FILE
141733920768,60129542145,SOURCE_FILE
141733920769,60129542144,SOURCE_FILE
171798691840,60129542145,SOURCE_FILE
171798691841,60129542144,SOURCE_FILE
171798691842,60129542144,SOURCE_FILE
171798691843,60129542144,SOURCE_FILE
171798691844,60129542144,SOURCE_FILE
171798691845,60129542144,SOURCE_FILE
171798691846,60129542144,SOURCE_FILE
171798691847,60129542144,SOURCE_FILE
171798691848,60129542144,SOURCE_FILE
171798691849,60129542144,SOURCE_FILE
171798691850,60129542144,SOURCE_FILE
171798691851,60129542144,SOURCE_FILE
171798691852,60129542144,SOURCE_FILE
171798691853,60129542144,SOURCE_FILE
171798691854,60129542144,SOURCE_FILE
171798691855,60129542144,SOURCE_FILE
171798691856,60129542144,SOURCE_FILE
171798691857,60129542144,SOURCE_FILE
