30064771072,68719476736,ARGUMENT
30064771072,180388626432,ARGUMENT
30064771073,90194313216,ARGUMENT
30064771073,90194313217,ARGUMENT
30064771074,68719476737,ARGUMENT
30064771074,30064771073,ARGUMENT
30064771075,90194313218,ARGUMENT
30064771075,90194313219,ARGUMENT
30064771076,68719476739,ARGUMENT
30064771076,30064771075,ARGUMENT
30064771077,90194313220,ARGUMENT
30064771077,90194313221,ARGUMENT
30064771078,68719476741,ARGUMENT
30064771078,30064771077,ARGUMENT
30064771079,90194313222,ARGUMENT
30064771079,90194313223,ARGUMENT
30064771080,68719476743,ARGUMENT
30064771080,30064771079,ARGUMENT
30064771081,90194313224,ARGUMENT
30064771081,90194313225,ARGUMENT
30064771081,90194313226,ARGUMENT
30064771082,68719476745,ARGUMENT
30064771082,30064771081,ARGUMENT
30064771083,90194313227,ARGUMENT
30064771083,90194313228,ARGUMENT
30064771084,68719476747,ARGUMENT
30064771084,30064771083,ARGUMENT
30064771085,68719476749,ARGUMENT
30064771086,68719476751,ARGUMENT
30064771086,30064771085,ARGUMENT
30064771087,68719476754,ARGUMENT
30064771087,55834574848,ARGUMENT
30064771088,30064771087,ARGUMENT
30064771088,68719476753,ARGUMENT
30064771089,68719476756,ARGUMENT
30064771089,55834574849,ARGUMENT
30064771090,30064771089,ARGUMENT
30064771090,68719476755,ARGUMENT
30064771091,68719476758,ARGUMENT
30064771091,55834574850,ARGUMENT
30064771092,30064771091,ARGUMENT
30064771092,68719476757,ARGUMENT
30064771093,68719476759,ARGUMENT
30064771093,55834574851,ARGUMENT
30064771094,30064771093,ARGUMENT
30064771094,90194313229,ARGUMENT
30064771095,68719476752,ARGUMENT
30064771095,124554051585,ARGUMENT
30064771096,68719476761,ARGUMENT
30064771096,55834574852,ARGUMENT
30064771097,68719476762,ARGUMENT
30064771097,55834574853,ARGUMENT
30064771098,68719476763,ARGUMENT
30064771098,55834574854,ARGUMENT
30064771099,30064771097,ARGUMENT
30064771099,30064771098,ARGUMENT
30064771100,68719476764,ARGUMENT
30064771100,55834574855,ARGUMENT
30064771101,68719476765,ARGUMENT
30064771101,30064771096,ARGUMENT
30064771101,30064771099,ARGUMENT
30064771102,68719476766,ARGUMENT
30064771102,55834574856,ARGUMENT
30064771103,30064771102,ARGUMENT
30064771103,30064771101,ARGUMENT
30064771104,68719476760,ARGUMENT
30064771104,124554051586,ARGUMENT
30064771105,68719476769,ARGUMENT
30064771105,55834574857,ARGUMENT
30064771106,30064771105,ARGUMENT
30064771106,90194313230,ARGUMENT
30064771107,68719476770,ARGUMENT
30064771107,55834574858,ARGUMENT
30064771108,68719476771,ARGUMENT
30064771108,30064771107,ARGUMENT
30064771109,68719476772,ARGUMENT
30064771109,55834574859,ARGUMENT
30064771110,68719476773,ARGUMENT
30064771111,68719476768,ARGUMENT
30064771111,124554051587,ARGUMENT
30064771112,68719476775,ARGUMENT
30064771112,55834574860,ARGUMENT
30064771113,30064771112,ARGUMENT
30064771113,90194313231,ARGUMENT
30064771114,30064771113,ARGUMENT
30064771114,90194313232,ARGUMENT
30064771115,68719476777,ARGUMENT
30064771115,55834574861,ARGUMENT
30064771116,68719476778,ARGUMENT
30064771116,30064771115,ARGUMENT
30064771117,68719476779,ARGUMENT
30064771117,55834574862,ARGUMENT
30064771118,68719476780,ARGUMENT
30064771118,68719476776,ARGUMENT
30064771119,68719476782,ARGUMENT
30064771119,55834574863,ARGUMENT
30064771120,68719476783,ARGUMENT
30064771120,30064771119,ARGUMENT
30064771121,68719476784,ARGUMENT
30064771121,55834574864,ARGUMENT
30064771122,68719476785,ARGUMENT
30064771123,68719476781,ARGUMENT
30064771123,25769803785,ARGUMENT
30064771123,25769803786,ARGUMENT
30064771124,68719476786,ARGUMENT
30064771124,30064771123,ARGUMENT
30064771125,68719476789,ARGUMENT
30064771125,55834574865,ARGUMENT
30064771126,68719476790,ARGUMENT
30064771126,68719476787,ARGUMENT
30064771126,68719476788,ARGUMENT
30064771126,124554051596,ARGUMENT
30064771127,30064771126,ARGUMENT
30064771128,68719476792,ARGUMENT
30064771128,30064771127,ARGUMENT
30064771129,68719476793,ARGUMENT
30064771129,55834574866,ARGUMENT
30064771130,68719476794,ARGUMENT
30064771131,68719476774,ARGUMENT
30064771131,124554051588,ARGUMENT
30064771132,180388626433,ARGUMENT
30064771132,55834574867,ARGUMENT
30064771133,180388626434,ARGUMENT
30064771133,68719476796,ARGUMENT
30064771133,68719476797,ARGUMENT
30064771133,68719476798,ARGUMENT
30064771135,68719476799,ARGUMENT
30064771135,30064771134,ARGUMENT
30064771136,68719476804,ARGUMENT
30064771136,55834574868,ARGUMENT
30064771137,68719476805,ARGUMENT
30064771137,68719476803,ARGUMENT
30064771137,68719476800,ARGUMENT
30064771137,68719476801,ARGUMENT
30064771137,68719476802,ARGUMENT
30064771138,68719476807,ARGUMENT
30064771138,68719476808,ARGUMENT
30064771138,68719476809,ARGUMENT
30064771138,68719476810,ARGUMENT
30064771139,68719476811,ARGUMENT
30064771140,68719476812,ARGUMENT
30064771141,68719476813,ARGUMENT
30064771141,68719476814,ARGUMENT
30064771141,68719476815,ARGUMENT
30064771141,68719476816,ARGUMENT
30064771141,124554051594,ARGUMENT
30064771143,68719476817,ARGUMENT
30064771143,180388626435,ARGUMENT
30064771144,90194313233,ARGUMENT
30064771144,90194313234,ARGUMENT
30064771145,68719476818,ARGUMENT
30064771145,30064771144,ARGUMENT
30064771146,68719476820,ARGUMENT
30064771146,55834574869,ARGUMENT
30064771147,68719476821,ARGUMENT
30064771148,68719476822,ARGUMENT
30064771148,30064771147,ARGUMENT
30064771149,68719476823,ARGUMENT
30064771149,90194313235,ARGUMENT
30064771150,68719476824,ARGUMENT
30064771150,55834574870,ARGUMENT
30064771151,68719476825,ARGUMENT
30064771151,30064771149,ARGUMENT
30064771152,68719476826,ARGUMENT
30064771152,30064771151,ARGUMENT
30064771153,90194313236,ARGUMENT
30064771153,90194313237,ARGUMENT
30064771153,90194313238,ARGUMENT
30064771153,90194313239,ARGUMENT
30064771153,90194313240,ARGUMENT
30064771153,90194313241,ARGUMENT
30064771153,90194313242,ARGUMENT
30064771153,90194313243,ARGUMENT
30064771153,90194313244,ARGUMENT
30064771153,90194313245,ARGUMENT
30064771153,90194313246,ARGUMENT
30064771153,90194313247,ARGUMENT
30064771153,90194313248,ARGUMENT
30064771153,90194313249,ARGUMENT
30064771153,90194313250,ARGUMENT
30064771153,90194313251,ARGUMENT
30064771153,90194313252,ARGUMENT
30064771153,90194313253,ARGUMENT
30064771153,90194313254,ARGUMENT
30064771153,90194313255,ARGUMENT
30064771153,90194313256,ARGUMENT
30064771153,90194313257,ARGUMENT
30064771154,68719476827,ARGUMENT
30064771154,55834574871,ARGUMENT
30064771155,68719476828,ARGUMENT
30064771155,30064771153,ARGUMENT
30064771155,90194313258,ARGUMENT
30064771155,90194313259,ARGUMENT
30064771156,90194313260,ARGUMENT
30064771156,90194313261,ARGUMENT
30064771156,90194313262,ARGUMENT
30064771156,90194313263,ARGUMENT
30064771156,90194313264,ARGUMENT
30064771156,90194313265,ARGUMENT
30064771156,90194313266,ARGUMENT
30064771156,90194313267,ARGUMENT
30064771157,68719476829,ARGUMENT
30064771157,30064771156,ARGUMENT
30064771158,68719476830,ARGUMENT
30064771158,68719476831,ARGUMENT
30064771159,68719476832,ARGUMENT
30064771159,30064771158,ARGUMENT
30064771160,68719476833,ARGUMENT
30064771160,55834574872,ARGUMENT
30064771161,68719476834,ARGUMENT
30064771162,68719476835,ARGUMENT
30064771162,25769803794,ARGUMENT
30064771163,68719476837,ARGUMENT
30064771163,68719476838,ARGUMENT
30064771164,68719476839,ARGUMENT
30064771164,30064771163,ARGUMENT
30064771165,68719476840,ARGUMENT
30064771165,55834574873,ARGUMENT
30064771166,68719476841,ARGUMENT
30064771166,68719476836,ARGUMENT
30064771166,90194313268,ARGUMENT
30064771167,68719476842,ARGUMENT
30064771167,55834574874,ARGUMENT
30064771168,68719476843,ARGUMENT
30064771169,68719476844,ARGUMENT
30064771169,30064771168,ARGUMENT
30064771170,68719476845,ARGUMENT
30064771170,55834574875,ARGUMENT
30064771171,68719476846,ARGUMENT
30064771172,68719476847,ARGUMENT
30064771172,30064771171,ARGUMENT
30064771173,90194313269,ARGUMENT
30064771173,90194313270,ARGUMENT
30064771174,68719476848,ARGUMENT
30064771174,30064771173,ARGUMENT
30064771175,68719476849,ARGUMENT
30064771175,30064771174,ARGUMENT
30064771176,68719476850,ARGUMENT
30064771176,55834574876,ARGUMENT
30064771177,68719476851,ARGUMENT
30064771178,90194313271,ARGUMENT
30064771178,90194313272,ARGUMENT
30064771179,68719476852,ARGUMENT
30064771179,30064771178,ARGUMENT
30064771180,68719476853,ARGUMENT
30064771180,30064771179,ARGUMENT
30064771181,68719476854,ARGUMENT
30064771181,55834574877,ARGUMENT
30064771182,68719476855,ARGUMENT
30064771182,25769803798,ARGUMENT
30064771183,90194313273,ARGUMENT
30064771183,90194313274,ARGUMENT
30064771184,68719476856,ARGUMENT
30064771184,30064771183,ARGUMENT
30064771185,30064771184,ARGUMENT
30064771185,25769803799,ARGUMENT
30064771186,68719476857,ARGUMENT
30064771186,90194313275,ARGUMENT
30064771187,68719476858,ARGUMENT
30064771187,90194313276,ARGUMENT
30064771188,68719476859,ARGUMENT
30064771188,90194313277,ARGUMENT
30064771189,68719476860,ARGUMENT
30064771189,68719476861,ARGUMENT
30064771189,68719476862,ARGUMENT
30064771190,68719476864,ARGUMENT
30064771190,30064771189,ARGUMENT
30064771191,68719476865,ARGUMENT
30064771191,55834574878,ARGUMENT
30064771192,68719476866,ARGUMENT
30064771193,68719476867,ARGUMENT
30064771193,25769803800,ARGUMENT
30064771194,90194313278,ARGUMENT
30064771195,68719476870,ARGUMENT
30064771195,55834574879,ARGUMENT
30064771196,68719476871,ARGUMENT
30064771196,90194313279,ARGUMENT
30064771197,124554051589,ARGUMENT
30064771198,68719476868,ARGUMENT
30064771198,30064771197,ARGUMENT
30064771199,68719476873,ARGUMENT
30064771199,55834574880,ARGUMENT
30064771200,30064771199,ARGUMENT
30064771200,90194313280,ARGUMENT
30064771201,68719476874,ARGUMENT
30064771201,30064771200,ARGUMENT
30064771202,68719476875,ARGUMENT
30064771202,68719476876,ARGUMENT
30064771203,68719476878,ARGUMENT
30064771203,30064771202,ARGUMENT
30064771204,68719476879,ARGUMENT
30064771204,55834574881,ARGUMENT
30064771205,68719476880,ARGUMENT
30064771206,68719476881,ARGUMENT
30064771206,55834574882,ARGUMENT
30064771207,68719476882,ARGUMENT
30064771207,90194313281,ARGUMENT
30064771208,68719476883,ARGUMENT
30064771208,30064771207,ARGUMENT
30064771209,90194313282,ARGUMENT
30064771209,68719476884,ARGUMENT
30064771209,68719476885,ARGUMENT
30064771210,90194313284,ARGUMENT
30064771211,68719476887,ARGUMENT
30064771211,55834574883,ARGUMENT
30064771212,68719476888,ARGUMENT
30064771212,90194313283,ARGUMENT
30064771212,30064771210,ARGUMENT
30064771213,124554051590,ARGUMENT
30064771214,68719476872,ARGUMENT
30064771214,30064771213,ARGUMENT
30064771215,68719476889,ARGUMENT
30064771215,90194313285,ARGUMENT
30064771216,68719476891,ARGUMENT
30064771216,55834574884,ARGUMENT
30064771217,68719476892,ARGUMENT
30064771217,68719476890,ARGUMENT
30064771218,68719476893,ARGUMENT
30064771218,90194313286,ARGUMENT
30064771219,68719476895,ARGUMENT
30064771219,55834574885,ARGUMENT
30064771220,68719476896,ARGUMENT
30064771220,68719476894,ARGUMENT
30064771221,68719476897,ARGUMENT
30064771221,90194313287,ARGUMENT
30064771222,68719476899,ARGUMENT
30064771222,55834574886,ARGUMENT
30064771223,68719476900,ARGUMENT
30064771223,68719476898,ARGUMENT
30064771224,90194313288,ARGUMENT
30064771225,68719476902,ARGUMENT
30064771225,30064771224,ARGUMENT
30064771227,68719476903,ARGUMENT
30064771227,30064771226,ARGUMENT
30064771228,68719476904,ARGUMENT
30064771228,90194313289,ARGUMENT
30064771229,30064771228,ARGUMENT
30064771229,68719476905,ARGUMENT
30064771230,68719476907,ARGUMENT
30064771230,25769803804,ARGUMENT
30064771231,68719476910,ARGUMENT
30064771231,55834574887,ARGUMENT
30064771232,68719476911,ARGUMENT
30064771232,68719476908,ARGUMENT
30064771232,68719476909,ARGUMENT
30064771233,68719476912,ARGUMENT
30064771233,30064771232,ARGUMENT
30064771234,68719476914,ARGUMENT
30064771234,55834574888,ARGUMENT
30064771235,68719476915,ARGUMENT
30064771235,68719476913,ARGUMENT
30064771236,68719476901,ARGUMENT
30064771236,124554051591,ARGUMENT
30064771237,68719476916,ARGUMENT
30064771237,90194313290,ARGUMENT
30064771238,68719476917,ARGUMENT
30064771238,55834574889,ARGUMENT
30064771239,68719476918,ARGUMENT
30064771239,90194313291,ARGUMENT
30064771239,90194313292,ARGUMENT
30064771239,90194313293,ARGUMENT
146028888064,68719476767,ARGUMENT
146028888065,68719476795,ARGUMENT
146028888066,30064771133,ARGUMENT
146028888067,68719476806,ARGUMENT
146028888068,30064771138,ARGUMENT
146028888069,30064771139,ARGUMENT
146028888070,30064771140,ARGUMENT
146028888071,30064771141,ARGUMENT
146028888072,30064771194,ARGUMENT
146028888073,30064771209,ARGUMENT
146028888074,30064771235,ARGUMENT
